questionId,block,type,question,answer,comments
NYT_01,NYT,Headline,Can Your Diet Really Affect Your Skin Cancer Risk?,"A large study published Wednesday found a surprising link between fish consumption and developing melanoma, the most serious type of skin cancer. But while the finding raises questions about possible links between diet and melanoma, the study's lead author and other experts cautioned that it's not a reason to avoid eating fish. It also doesn't change the most important advice for reducing melanoma risk: Limit your exposure to UV rays from the sun or tanning beds.",
NYT_02,NYT,Headline,Can a Start-Up Make Sustainable Construction the Next Frontier in Eco-Business?,"Nexii Building Solutions in Vancouver is having significant early success, though there are potential pitfalls.",
NYT_03,NYT,Headline,Where Can I Find a Great Travel Jacket?,"Not only does such a garment exist, there is even a special name for it: a shacket! Like many newly relevant sartorial inventions (the megging, the jort), it is a hybrid garment (shirt plus jacket) well-suited for meeting contemporary needs.",
NYT_04,NYT,Headline,Was a British Journalist the Latest Victim of Bolsonaro's War on the Amazon?,"Monday began, for me, with a call that became a horror story. I discovered that Dom Phillips, a British journalist and friend, had disappeared a day earlier in the Javari Valley, one of the Amazon's most dangerous regions.",
NYT_05,NYT,Headline,What Would Happen if Fashion Actually Slowed Down?,"Marco de Vincenzo, the newly appointed creative director of Etro, is not only asking the question, but attempting to answer through action.",
NYT_06,NYT,Headline,Just How Burned Out Are Parents?,"Lately, I've been saying that my level of burnout feels like ""Covid of the soul."" Which is to say I mostly feel normal, and that we've gradually been able to ease back into the rhythms of our prepandemic life, but there remains a residual exhaustion, partly psychic, that I haven't had time to fully resolve. There are some days when my alarm goes off and the first thought that occurs to me is: I can't believe I have to get up and do all the things again.",
NYT_07,NYT,Headline,How Long Does Covid Immunity Last? Will a Second Illness Be Worse? How Can I Prepare?,"If you're one of the millions of Americans who have already had Covid-19, you may be wondering how long you will have immunity from the coronavirus. Earlier in the pandemic, most people assumed that getting infected had at least one upside: that you would be protected against future encounters with the virus. But as the latest wave heads toward the Western region of the country and the virus shows no signs of easing up, reinfections seem to have become common. Already, many people are reporting second or even third infections with newer variants.",
NYT_08,NYT,Headline,How Do I Force My Unresponsive Landlord to Make Needed Repairs?,Tenants have a few tools at their disposal when a landlord or management company turns a blind eye. Here's how to start the process.,
NYT_09,NYT,Headline,Who Is the Former TV News Chief Helping the Jan. 6 Committee?,"As news organizations scrambled in 2017 to satisfy the bottomless appetite for information about the new president, James Goldston, the president of ABC News, declared the dawn of ""a new golden age"" in American journalism, with Donald J. Trump as its improbable catalyst.",
NYT_10,NYT,Headline,What Is Ramsay Hunt Syndrome?,"On Friday, Justin Bieber announced that he has Ramsay Hunt syndrome, a rare condition that has paralyzed half his face.",
NYT_11,NYT,Headline,Our Racial Reckoning Could Have Come Sooner. What Made 2020 Different?,"The murder of George Floyd, a pandemic and social media released a storm.",
NYT_12,NYT,Headline,Lockdowns Protected Older People. But at What Cost to the Health of Young Adults?,"Covid-19 has killed mostly old people. But since the pandemic began, the rate of death from all causes for younger adults has risen by a bigger percentage than has the rate of death from all causes for old people.",
NYT_13,NYT,Headline,"Et Tu, Ivanka?","It turns out that not even Donald Trump's daughter Ivanka bought into the former president's toxic fantasies about the 2020 election having been stolen from him. She came to understand pretty quickly after the election that there was no evidence of a plot by Democrats, accepting the assessment of Bill Barr, Mr. Trump's attorney general at the time, that the game had not been rigged. Mr. Trump had lost, and all the wild claims to the contrary, as Mr. Barr says he told Mr. Trump, were ""bullshit.""",
NYT_14,NYT,Headline,Expert Picks: Who Will Win the Belmont Stakes?,"Rich Strike, the 80-1 shot ridden by Sonny Leon and trained by Eric Reed, mounted a furious and improbable rally to capture the 148th Kentucky Derby on May 7. He was not even in the field until another horse was scratched the day before the race.",
NYT_15,NYT,Headline,Some Monarch Butterfly Populations Are Rising. Is It Enough to Save Them?,"Every autumn, swarms of migrating monarchs descend on the mountains of central Mexico. It is the final stop on a journey of thousands of miles, as the butterflies travel from their North American breeding grounds to their winter colonies, where they blanket fir trees. Visitors who time their trips correctly might find the air so thick with monarchs that they can hear the butterflies' wings beating.",
NYT_16,NYT,Headline,Socialism Is Supposed to Be a Working-Class Movement. Why Isn't It?,"American socialists today find themselves in a tenuous position. Over the past decade, the left has become a powerful force in American politics. Bernie Sanders seriously contested two presidential primaries. Democratic socialists have won local, state and congressional races. Organizations like Democratic Socialists of America and socialist publications like Jacobin have become part of the political conversation.",
NYT_17,NYT,Headline,A Full Return to the Office? Does 'Never' Work for You?,"Employer plans have played out like a game of chicken. Now workers are rebelling outright, and executives are trying everything to make the office worth it.",
NYT_18,NYT,Headline,What About the Men?,Two speculative novels imagine rather drastic rearrangements to our existing gender relations.,
NYT_19,NYT,Headline,Is the #MeToo Movement Dying?,"Nearly five years later, some have concluded that the forces of backlash have won.",
NYT_20,NYT,Headline,"What's Your Best, or Worst, Dining Experience of 2022?","Dining during 2022 is a mixed bag. While it feels less fraught compared to earlier stages in the pandemic, a meal can still be a crapshoot.",
NYT_21,NYT,Headline,A Wider Lens on the MeToo Backlash: Who Pays for Societal Change?,"The same fundamentals apply to patriarchal systems, whether in Hollywood or India: Threats to men's status can provoke broader resistance than you might think.",
NYT_22,NYT,Headline,"Travelers Ask, Cash, What's That?","On a recent trip to England, Andrew Dodson, 35, and his wife, Erin, 32, who live in Traverse City, Mich., had an unexpected problem: No matter how hard they tried, they couldn't spend the 700 British pounds they'd brought along.",
NYT_23,NYT,Headline,"In Uvalde, a Search for Answers: How Could This Happen?","Even as they scheduled graduation parties and made plans to move for college or start new jobs, seniors at Uvalde High School sometimes found themselves thinking back to 2018, when two of their eighth-grade classmates had been charged with plotting a mass shooting.",
NYT_24,NYT,Headline,Is It Finally Twilight for the Theater's Sacred Monsters?,"Many of the ""great men"" who helped America create its classics, its institutions and its own acting style were tyrants. We need to cut them loose.",
NYT_25,NYT,Headline,A Double Life Takes So Much Work. Why Would Anyone Bother?,"""Perhaps multiple relationships can illuminate different parts of the self, like a prism turned first this way, then that, toward the light,"" writes Katie Gutierrez in her ambitious debut novel. ""More Than You'll Ever Know"" encompasses more than 30 years and delves into a love affair that destroyed a woman's life and helped her to reclaim the sense of self she lost to the ""cruel banality of motherhood."" Was it worth it?",
NYT_26,NYT,Headline,How Bad Is the Global Food Crisis Going to Get?,"They were calling it a crisis even before the war began: more than 800 million people in a state of chronic hunger. But, as you may have heard, the invasion of Ukraine by Russia - two countries that were estimated to produce enough food to feed 400 million, and to account for as much as 12 percent of all globally traded calories - has made the hardship considerably harder and the hunger considerably more acute.",
NYT_27,NYT,Headline,"Ukraine's strategic dilemma in Sievierodonetsk: Stand and fight, or pull back?","Just to enter Sievierodonetsk, Ukrainian soldiers run a gantlet of Russian artillery shells zeroed in on the only access route: a bridge littered with the burned husks of cars and trucks that didn't make it.",
NYT_28,NYT,Headline,The Week in Business: Trouble for Tesla?,"The National Highway Traffic Safety Administration announced on Thursday that it was ramping up an investigation into Tesla's Autopilot driver-assistance system, which uses cameras and other sensors to control vehicles with little input from drivers. The agency had been conducting a preliminary evaluation of the system but upgraded to an engineering analysis, looking into whether Autopilot fails to keep drivers' attention on the road. The new analysis brings more intense scrutiny, covering 830,000 vehicles sold between 2014 and 2021 in the United States and involving all four Tesla models; it's also a necessary step before a recall can be ordered. Tesla tells drivers to stay alert while using the system, but many experts worry that Autopilot and similar technology can lead drivers to mistakenly believe their vehicles are completely self-driving.",
NYT_29,NYT,Headline,"How 'Trustless' Is Bitcoin, Really?","Alyssa Blackburn, a data scientist at Rice University and Baylor College of Medicine in Houston, has spent several years performing digital detective work with her trusty lab assistant, Hail Mary, a shiny black computer with orange trim. She has been collecting and analyzing leaks from the Bitcoin blockchain, the immutable public ledger that has recorded all transactions since the cryptocurrency's launch in January 2009.",
NYT_30,NYT,Headline,Violent Crime Is Up as Cities Lose Police Officers. What Now?,"For the second time in three years, the United States enters the summer amid a storm of anger at the police. The reports and videos suggesting a delayed and chaotic police response to the Uvalde shooting and the conflicting statements made by law enforcement leadership have rightfully bewildered and enraged millions of people across the country.",
NYT_31,NYT,Headline,Could One County's Success With 'Red Flag' Orders Be a Model?,Suffolk County authorities have acted more often than their counterparts elsewhere in New York to seize weapons from the home of someone who has made a threat.,
NYT_32,NYT,Headline,"If New York City Gets Las Vegas-Style Casinos, What Else Will It Get?","Before too long, New Yorkers and the millions of tourists who visit the city every year may have a new way to test their luck - and part with their money - amid the bright lights and skyscrapers of Midtown Manhattan: hands of blackjack or spins of the roulette wheel inside a new casino with all the trappings of Las Vegas, down to the incessant ringing and fluorescent flashing of a sea of slot machines.",
NYT_33,NYT,Headline,Can My Co-op Charge Me to Get Rid of the Bedbugs in My Apartment?,Landlords and co-op boards are legally obligated to exterminate bedbug infestations. But there are other costs involved that can fall on residents.,
NYT_34,NYT,Headline,Who Killed Journalist Shireen Abu Akleh?,"In her 25 years as a journalist for Al Jazeera, Shireen Abu Akleh covered many clashes between Israelis and Palestinians. So when she went to the occupied West Bank city of Jenin in the early morning of May 11 to cover an Israeli Army operation in a refugee camp, she took all the requisite precautions. She wore a helmet and blue body armor marked ""press"" in large letters. She stood near the entrance to the refugee camp with a group of other journalists, and her presence was immediately noticed. She was so well known among Arabic-speaking audiences that a crowd gathered to watch her work.",
NYT_35,NYT,Headline,What Are the Best No-Show Socks?,"Socks are one of those often-overlooked wardrobe items that deserve more attention than they get. Given the amount of time we spend on our feet, great socks can improve our quality of life, making walking and other daily activities spent in ballet flats, sneakers and loafers a pleasure. Or at least a relatively pain-free experience.",
NYT_36,NYT,Headline,Wonking Out: How Low Must Inflation Go?,"As I pointed out in my latest column, the politics of inflation are dominated by concerns about gasoline and food prices - precisely the prices over which policymakers in general, and the president in particular, have the least influence. Economists, by contrast, usually focus on measures that try to get at underlying inflation, excluding highly volatile stuff like, well, energy and food.",
NYT_37,NYT,Headline,Will shifts in Australia and New Zealand lead to a 'divorce' from the monarchy?,"In some countries in the Commonwealth, the global group of former British colonies, the debate over whether to sever ties with Britain's royal family has been fierce. In 2020, Barbados decided to remove the queen as its head of state and become a republic, and other Caribbean countries may follow.",
NYT_38,NYT,Headline,"Class Sizes Set to Shrink in New York City Schools, but at What Cost?","Mayor Eric Adams won a partial victory in the State Legislature this week, when lawmakers extended mayoral control over New York City schools for another two years, half of what the mayor had sought.",
NYT_39,NYT,Headline,Why Are We Still Governed by Baby Boomers and the Remarkably Old?,"America's top political leaders are remarkably old. Our president will turn 80 this year. His predecessor, who is contemplating running again, is about to turn 76. The speaker of the House is 82. The Republican leader in the Senate is 80, and his Democratic counterpart is a comparatively sprightly 71.",
NYT_40,NYT,Headline,"Is 'Greedflation' Rewriting Economics, or Do Old Rules Still Apply?","There are few good things about living through a period with the highest inflation in four decades, but here's one: It's a chance to re-examine what happens in an economy that's gone haywire.",
NYT_41,NYT,Headline,My Family Got Covid. So Why Did We Test Negative?,"As a science journalist, I've read dozens of research papers about Covid-19, and I've interviewed so many virologists, infectious disease physicians and immunologists over the past two years that I've lost count. But nothing prepared me for what happened after my 7-year-old daughter tested positive for Covid-19 nearly two weeks ago.",
NYT_42,NYT,Headline,Who Is the Ion Pack?,"Earlier this spring, KJ Rothweiler and Curtis Everett Pawley, two podcasters from New York City, made a Zoom call to one of their most dedicated listeners for some professional advice. On the other end of the screen was the actor Jonah Hill, smoking an American Spirit somewhere in Malibu, Calif.",
NYT_43,NYT,Headline,A Georgia Mystery: How Many Democrats Voted in the G.O.P. Primary?,"One look at the results of Georgia's primary election last week led many Republicans to believe it was the product of Democratic meddling. Former President Donald J. Trump's recruited challengers lost in grand fashion in his most sought-after races: David Perdue was routed by Gov. Brian Kemp by more than 50 percentage points, while Representative Jody Hice fell to Secretary of State Brad Raffensperger by nearly 20.",
NYT_44,NYT,Headline,A Bigger Base Is Common in Softball. So Why Not in College?,"Even now, 15 years later, the play and the agony rip instantly through Lauren Parker Sanders's memory: the slap bunt, the throw that wobbled, the crash with the base runner that tore a labrum, warped a collarbone and injured a web of nerves.",
NYT_45,NYT,Headline,Do Swedish People Feed Their Guests?,"A Swedish child sits at a dinner table while his friend and the friend's parents dine on meatballs, mashed potatoes and lingonberry sauce. The delicious aroma wafts below the child's nose, but there is no plate for him.",
NYT_46,NYT,Headline,She Created SZA's Floral Bikini. Could She Help Me With a Centerpiece?,"When I was handed a stem of white orchids at a recent flower-arranging workshop at the Museum of Arts and Design in New York, my first impulse was to carefully carry it home, where I could put it in a vase all by itself and appreciate its blossoms for as long as they lasted. Instead, it seemed, we were to drag these precious beauties through paint.",
NYT_47,NYT,Headline,They Fled Danger for New York. When Will Their New Lives Start?,Nothing about moving to New York is easy - especially for those fleeing Ukraine and Afghanistan. But locals do what they can to help.,
NYT_48,NYT,Headline,Are the Movies Liberal?,Everyone knows Hollywood is progressive. But look at the films it churns out. They tell another story.,
NYT_49,NYT,Headline,You Want to Buy Meat? In This Economy?,The foods that go into Americans' bag lunches and onto dinner plates cost 10.8 percent more today than they did this time last year. But inflation has not struck every section of the grocery store at the same rate: The price of animal products is surging.,
NYT_50,NYT,Headline,"This Nerve Influences Nearly Every Internal Organ. Can It Improve Our Mental State, Too?","In recent years, the vagus nerve has become an object of fascination, especially on social media. The vagal nerve fibers, which run from the brain to the abdomen, have been anointed by some influencers as the key to reducing anxiety, regulating the nervous system and helping the body to relax.",
NYT_51,NYT,Headline,Is Biden's Foreign Policy Team the Best of 'the Blob'?,"In late May, The New York Times revealed surprising news: President Biden's foreign policy advisers disagree about something. The dispute, over tariffs on China, was tame by Washington standards: No bureaucratic knife fights, no disparaging quotes given to newspapers on background. Still, it stood out because it was so uncommon. ""Public rifts among Biden officials,"" The Times noted, ""have been rare.""",
NYT_52,NYT,Headline,"What Are 'Artillery Rockets,' and Why Is the U.S. Sending Them to Ukraine?","As the fighting in eastern Ukraine turns into an artillery duel, the Pentagon announced that it would send its most advanced artillery rocket launcher and munitions to the Ukrainian military in the hope of giving it an edge over Russia.",
NYT_53,NYT,Headline,What Comes After the Religious Right?,Secularization has supercharged the culture wars and expanded the Republican tent.,
NYT_54,NYT,Headline,Sussmann Acquittal Raises Question: What Is Durham Actually Trying to Do?,"Even before 12 jurors voted to acquit Michael Sussmann of lying to the F.B.I. in a rebuke of the Trump-era special counsel, John H. Durham, supporters of Donald J. Trump were already laying the groundwork to declare that the prosecutor won despite losing in court.",
NYT_55,NYT,Headline,How Worried Should You Be About Monkeypox?,"The possibility of another pandemic can't be ruled out, but there's also reason for optimism.",
NYT_56,NYT,Headline,Does a Comedian Really Need an Audience?,"Filmed during lockdown, a new Netflix special from Norm Macdonald and outtakes from Bo Burnham's ""Inside"" suggest that crowd laughter can be limiting.",
NYT_57,NYT,Headline,"With Cameras on Every Phone, Will Broadway's Nude Scenes Survive?","Jesse Williams was nominated for a Tony Award last month for his work in ""Take Me Out,"" an acclaimed play about baseball and homophobia. But when his name trended on Twitter the next day, it was not because of the accolade: it was because someone had surreptitiously taken a video of his nude scene and posted it online.",
NYT_58,NYT,Headline,Are We Close to a Treatment for Celiac Disease?,Recent advances in understanding the condition have brought a surge of potential therapies to the drug development pipeline.,
NYT_59,NYT,Headline,Can Harry Styles's Music Catch Up to His Fame?,"Harry Styles's third album, ""Harry's House,"" just debuted at the top of the Billboard chart with the year's biggest opening-week sales: 521,500 equivalent album units. His upcoming tour will feature 15 performances at Madison Square Garden in New York, and 15 performances at the Kia Forum in Inglewood, Calif. By most conventional metrics, Styles is one of pop's biggest stars.",
NYT_60,NYT,Headline,What Do We Want From Our Next New York?,"The first time I moved to New York, I was an undergraduate, and I tried to make Harlem my home. I had a lot to learn. As a Californian, I thought Chucks were year-round shoes; I wore them even in the snow, letting my toes get stiff on late-night walks from the library or the 116th Street station back to my dorm. By my sophomore year, though, I knew the most important things: where on Malcolm X I could find the shea butter I needed to keep my skin from turning ashy in the winter, the barbershop where I could get a decent fade and the grocery store where I could buy Red Rooster hot sauce.Ê",
NYT_61,NYT,Headline,How Much Do Your Genes Shape Your Politics?,"""Partisan polarization remains the dominant, seemingly unalterable condition of American politics,"" Pew Research declared in November 2021, a year after a presidential election that drew the most voters in American history (partisanship and polarization, it turns out, increase participation). ""Republicans and Democrats agree on very little - and when they do, it often is in the shared belief that they have little in common.""",
NYT_62,NYT,Headline,Should We Be Forced to See Exactly What an AR-15 Does to a 10-Year-Old?,"I know that stoning people to death is barbaric. But I never understood just what it entails - the slow, cruel process by which a defenseless human being is degraded and destroyed - until I saw a series of photographs taken by Somali photojournalist Farah Abdi Warsameh, which depict the stoning execution of a man accused of adultery by the insurgent group Hizbul Islam. While some charge that viewing such pictures is voyeuristic, these images made me face the terror, the blood and the sheer cruelty of this practice - one that, astonishingly, has not yet been tossed into the dustbin of history.",
NYT_63,NYT,Headline,"As Ukraine Fights, Does the E.U. Owe It Membership?","With Ukraine defending European values and security against a blatant Russian invasion, what obligation does the European Union and NATO have toward Ukraine?",
NYT_64,NYT,Headline,"Who is Federico Gutierrez, a right-wing candidate for the president of Colombia?","In the run up to Colombia's presidential election, Federico Gutierrez, a right-wing candidate, is supported by a conservative alliance similar to the one that helped propel the current president to office.",
NYT_65,NYT,Headline,Can Paramount Go It Alone?,"In January, the board of Paramount, including Shari Redstone, the company's chair, met with a group of bankers to get an update on the media industry and to hear about potential deals that might help the company better compete with streaming giants like Netflix and Disney.",
NYT_66,NYT,Headline,Can I Stop Isolating If I'm Still Testing Positive for the Virus?,"The Omicron variant of the coronavirus moves fast. Symptoms typically appear just a few days after infection, with viral levels peaking less than five days after the pathogen first becomes detectable.",
NYT_67,NYT,Headline,They Did Their Own 'Research.' Now What?,"A couple of weeks ago, the crash of two linked cryptocurrencies caused tens of billions of dollars in value to evaporate from digital wallets around the world.",
NYT_68,NYT,Headline,Activist Investing Has Come for Fossil Fuels. What About Guns?,"The message after a mass shooting, this time at a Texas elementary school, was clear: People who want to curb gun violence should ""cast their vote in November."" That was how Senator Chuck Schumer, the Senate majority leader and Democrat of New York, put it on Wednesday.",
NYT_69,NYT,Headline,My Roommate Won't Pay Rent and Won't Leave. What Can I Do?,"When housing courts become involved, there's often little to do but wait. However, a private settlement is often the best way forward.",
NYT_70,NYT,Headline,How Do You Find an Apartment in N.Y.C. These Days?,"Apartment hunting in the city has never been easy, but now the search has become seemingly impossible as prices soar. Readers told us about their pandemic housing struggles - and eventual successes.",